"Label","Interval","Pid","Role","CpuPct"
"G4-paused-divs","1","8516","other","0"
"G4-paused-divs","1","11116","gpu","0"
"G4-paused-divs","1","8052","browser","0"
"G4-paused-divs","1","740","app","0"
"G4-paused-divs","1","13132","other","0"
"G4-paused-divs","1","10232","other","0"
"G4-paused-divs","1","12600","other","0"
"G4-paused-divs","1","10796","renderer","0"
"G4-paused-divs","2","8516","other","0"
"G4-paused-divs","2","11116","gpu","0"
"G4-paused-divs","2","8052","browser","0"
"G4-paused-divs","2","740","app","0"
"G4-paused-divs","2","13132","other","0"
"G4-paused-divs","2","10232","other","0"
"G4-paused-divs","2","12600","other","0"
"G4-paused-divs","2","10796","renderer","0"
"G4-paused-divs","3","8516","other","0"
"G4-paused-divs","3","11116","gpu","0"
"G4-paused-divs","3","8052","browser","0"
"G4-paused-divs","3","740","app","0"
"G4-paused-divs","3","13132","other","0"
"G4-paused-divs","3","10232","other","0"
"G4-paused-divs","3","12600","other","0"
"G4-paused-divs","3","10796","renderer","0"
"G4-paused-divs","4","8516","other","0"
"G4-paused-divs","4","11116","gpu","0"
"G4-paused-divs","4","8052","browser","0"
"G4-paused-divs","4","740","app","0"
"G4-paused-divs","4","13132","other","0"
"G4-paused-divs","4","10232","other","0"
"G4-paused-divs","4","12600","other","0"
"G4-paused-divs","4","10796","renderer","0"
"G4-paused-divs","5","8516","other","0"
"G4-paused-divs","5","11116","gpu","0"
"G4-paused-divs","5","8052","browser","0"
"G4-paused-divs","5","740","app","0"
"G4-paused-divs","5","13132","other","0"
"G4-paused-divs","5","10232","other","0"
"G4-paused-divs","5","12600","other","0"
"G4-paused-divs","5","10796","renderer","0"
"G4-paused-divs","6","8516","other","0"
"G4-paused-divs","6","11116","gpu","0"
"G4-paused-divs","6","8052","browser","0"
"G4-paused-divs","6","740","app","0"
"G4-paused-divs","6","13132","other","0"
"G4-paused-divs","6","10232","other","0"
"G4-paused-divs","6","12600","other","0"
"G4-paused-divs","6","10796","renderer","0"
"G4-paused-divs","7","8516","other","0"
"G4-paused-divs","7","11116","gpu","0"
"G4-paused-divs","7","8052","browser","0"
"G4-paused-divs","7","740","app","0"
"G4-paused-divs","7","13132","other","0"
"G4-paused-divs","7","10232","other","0"
"G4-paused-divs","7","12600","other","0"
"G4-paused-divs","7","10796","renderer","0"
"G4-paused-divs","8","8516","other","0"
"G4-paused-divs","8","11116","gpu","0"
"G4-paused-divs","8","8052","browser","0"
"G4-paused-divs","8","740","app","0"
"G4-paused-divs","8","13132","other","0"
"G4-paused-divs","8","10232","other","0"
"G4-paused-divs","8","12600","other","0"
"G4-paused-divs","8","10796","renderer","0"
"G4-paused-divs","9","8516","other","0"
"G4-paused-divs","9","11116","gpu","0"
"G4-paused-divs","9","8052","browser","0"
"G4-paused-divs","9","740","app","0"
"G4-paused-divs","9","13132","other","0"
"G4-paused-divs","9","10232","other","0"
"G4-paused-divs","9","12600","other","0"
"G4-paused-divs","9","10796","renderer","0"
"G4-paused-divs","10","8516","other","0"
"G4-paused-divs","10","11116","gpu","0"
"G4-paused-divs","10","8052","browser","0"
"G4-paused-divs","10","740","app","0"
"G4-paused-divs","10","13132","other","0"
"G4-paused-divs","10","10232","other","0"
"G4-paused-divs","10","12600","other","0"
"G4-paused-divs","10","10796","renderer","0"
"G4-paused-divs","11","8516","other","0"
"G4-paused-divs","11","11116","gpu","0"
"G4-paused-divs","11","8052","browser","0"
"G4-paused-divs","11","740","app","0"
"G4-paused-divs","11","13132","other","0"
"G4-paused-divs","11","10232","other","0"
"G4-paused-divs","11","12600","other","0"
"G4-paused-divs","11","10796","renderer","0"
"G4-paused-divs","12","8516","other","0"
"G4-paused-divs","12","11116","gpu","0"
"G4-paused-divs","12","8052","browser","0"
"G4-paused-divs","12","740","app","0"
"G4-paused-divs","12","13132","other","0"
"G4-paused-divs","12","10232","other","0"
"G4-paused-divs","12","12600","other","0"
"G4-paused-divs","12","10796","renderer","0"
"G4-paused-divs","13","8516","other","0"
"G4-paused-divs","13","11116","gpu","0"
"G4-paused-divs","13","8052","browser","0"
"G4-paused-divs","13","740","app","0"
"G4-paused-divs","13","13132","other","0"
"G4-paused-divs","13","10232","other","0"
"G4-paused-divs","13","12600","other","0"
"G4-paused-divs","13","10796","renderer","0"
"G4-paused-divs","14","8516","other","0"
"G4-paused-divs","14","11116","gpu","0"
"G4-paused-divs","14","8052","browser","0"
"G4-paused-divs","14","740","app","0"
"G4-paused-divs","14","13132","other","0"
"G4-paused-divs","14","10232","other","0"
"G4-paused-divs","14","12600","other","0"
"G4-paused-divs","14","10796","renderer","0"
"G4-paused-divs","15","8516","other","0"
"G4-paused-divs","15","11116","gpu","0"
"G4-paused-divs","15","8052","browser","0"
"G4-paused-divs","15","740","app","0"
"G4-paused-divs","15","13132","other","0"
"G4-paused-divs","15","10232","other","0"
"G4-paused-divs","15","12600","other","0"
"G4-paused-divs","15","10796","renderer","0"
"G4-paused-divs","16","8516","other","0"
"G4-paused-divs","16","11116","gpu","0"
"G4-paused-divs","16","8052","browser","0"
"G4-paused-divs","16","740","app","0"
"G4-paused-divs","16","13132","other","0"
"G4-paused-divs","16","10232","other","0"
"G4-paused-divs","16","12600","other","0"
"G4-paused-divs","16","10796","renderer","0"
"G4-paused-divs","17","8516","other","0"
"G4-paused-divs","17","11116","gpu","0"
"G4-paused-divs","17","8052","browser","0"
"G4-paused-divs","17","740","app","0"
"G4-paused-divs","17","13132","other","0"
"G4-paused-divs","17","10232","other","0"
"G4-paused-divs","17","12600","other","0"
"G4-paused-divs","17","10796","renderer","0"
"G4-paused-divs","18","8516","other","0"
"G4-paused-divs","18","11116","gpu","0"
"G4-paused-divs","18","8052","browser","0"
"G4-paused-divs","18","740","app","0"
"G4-paused-divs","18","13132","other","0"
"G4-paused-divs","18","10232","other","0"
"G4-paused-divs","18","12600","other","0"
"G4-paused-divs","18","10796","renderer","0"
"G4-paused-divs","19","8516","other","0"
"G4-paused-divs","19","11116","gpu","0"
"G4-paused-divs","19","8052","browser","0"
"G4-paused-divs","19","740","app","0"
"G4-paused-divs","19","13132","other","0"
"G4-paused-divs","19","10232","other","0"
"G4-paused-divs","19","12600","other","0"
"G4-paused-divs","19","10796","renderer","0"
"G4-paused-divs","20","8516","other","0"
"G4-paused-divs","20","11116","gpu","0"
"G4-paused-divs","20","8052","browser","0"
"G4-paused-divs","20","740","app","0"
"G4-paused-divs","20","13132","other","0"
"G4-paused-divs","20","10232","other","0"
"G4-paused-divs","20","12600","other","0"
"G4-paused-divs","20","10796","renderer","0"
"G4-paused-divs","21","8516","other","0"
"G4-paused-divs","21","11116","gpu","0"
"G4-paused-divs","21","8052","browser","0"
"G4-paused-divs","21","740","app","0"
"G4-paused-divs","21","13132","other","0"
"G4-paused-divs","21","10232","other","0"
"G4-paused-divs","21","12600","other","0"
"G4-paused-divs","21","10796","renderer","0"
"G4-paused-divs","22","8516","other","0"
"G4-paused-divs","22","11116","gpu","0"
"G4-paused-divs","22","8052","browser","0"
"G4-paused-divs","22","740","app","0"
"G4-paused-divs","22","13132","other","0"
"G4-paused-divs","22","10232","other","0"
"G4-paused-divs","22","12600","other","0"
"G4-paused-divs","22","10796","renderer","0"
"G4-paused-divs","23","8516","other","0"
"G4-paused-divs","23","11116","gpu","0"
"G4-paused-divs","23","8052","browser","0"
"G4-paused-divs","23","740","app","0"
"G4-paused-divs","23","13132","other","0"
"G4-paused-divs","23","10232","other","0"
"G4-paused-divs","23","12600","other","0"
"G4-paused-divs","23","10796","renderer","0"
"G4-paused-divs","24","8516","other","0"
"G4-paused-divs","24","11116","gpu","0"
"G4-paused-divs","24","8052","browser","0"
"G4-paused-divs","24","740","app","0"
"G4-paused-divs","24","13132","other","0"
"G4-paused-divs","24","10232","other","0"
"G4-paused-divs","24","12600","other","0"
"G4-paused-divs","24","10796","renderer","0"
"G4-paused-divs","25","8516","other","0"
"G4-paused-divs","25","11116","gpu","0"
"G4-paused-divs","25","8052","browser","0"
"G4-paused-divs","25","740","app","0"
"G4-paused-divs","25","13132","other","0"
"G4-paused-divs","25","10232","other","0"
"G4-paused-divs","25","12600","other","0"
"G4-paused-divs","25","10796","renderer","0"
"G4-paused-divs","26","8516","other","0"
"G4-paused-divs","26","11116","gpu","0"
"G4-paused-divs","26","8052","browser","0"
"G4-paused-divs","26","740","app","0"
"G4-paused-divs","26","13132","other","0"
"G4-paused-divs","26","10232","other","0"
"G4-paused-divs","26","12600","other","0"
"G4-paused-divs","26","10796","renderer","0"
"G4-paused-divs","27","8516","other","0"
"G4-paused-divs","27","11116","gpu","0"
"G4-paused-divs","27","8052","browser","0"
"G4-paused-divs","27","740","app","0"
"G4-paused-divs","27","13132","other","0"
"G4-paused-divs","27","10232","other","0"
"G4-paused-divs","27","12600","other","0"
"G4-paused-divs","27","10796","renderer","0"
"G4-paused-divs","28","8516","other","0"
"G4-paused-divs","28","11116","gpu","0"
"G4-paused-divs","28","8052","browser","0"
"G4-paused-divs","28","740","app","0"
"G4-paused-divs","28","13132","other","0"
"G4-paused-divs","28","10232","other","0"
"G4-paused-divs","28","12600","other","0"
"G4-paused-divs","28","10796","renderer","0"
"G4-paused-divs","29","8516","other","0"
"G4-paused-divs","29","11116","gpu","0"
"G4-paused-divs","29","8052","browser","0"
"G4-paused-divs","29","740","app","0"
"G4-paused-divs","29","13132","other","0"
"G4-paused-divs","29","10232","other","0"
"G4-paused-divs","29","12600","other","0"
"G4-paused-divs","29","10796","renderer","0"
"G4-paused-divs","30","8516","other","0"
"G4-paused-divs","30","11116","gpu","0"
"G4-paused-divs","30","8052","browser","0"
"G4-paused-divs","30","740","app","0"
"G4-paused-divs","30","13132","other","0"
"G4-paused-divs","30","10232","other","0"
"G4-paused-divs","30","12600","other","0"
"G4-paused-divs","30","10796","renderer","0"
